ProblemType,year2012_num,year2013_num,year2014_num,year2015_num,year2012_training,year2013_training,year2014_training,year2015_training,year2012_mortality,year2013_mortality,year2014_mortality,year2015_mortality
SurgicalInfection,7200,6500,5000,3000,10,10,10,10,45,20,10,5
CatheterInfection,4500,4000,2400,500,5,5,5,5,15,10,2,2
SurgicalError,3300,3200,3000,1000,50,50,50,50,20,10,5,0
IncorrectDosage,1100,1000,400,100,5,5,5,5,30,20,15,5
IncorrectMedication,900,750,500,400,10,10,10,10,20,10,5,10
DelayInTreatment,50,50,50,50,7,7,7,7,15,10,10,4
Misdiagnosis,1000,900,950,100,20,20,20,20,55,40,5,5
IVError,50,50,50,50,15,15,15,15,10,10,5,5